discount_percent,avg_revenue
0,772.7967785328802718
5,735.5959640870005058
10,700.4541898851181830
15,649.2625550881410256
20,614.9365976331360947
