region,avg_delivery_days
North America,5.0177324019344438
Africa,4.9942249240121581
South America,4.9907004830917874
Asia,4.9757799916482730
Europe,4.9704475261914855
Oceania,4.9592101385204833
